111111,Apache RTR 200 CC
222222,Apache RTR 160 CC
333333,Rockz Refresh CW 125 CC
444444,Neo CW 110 CC
555555,Samsung Galaxy A7
666666,Samsung Galaxy J5 Pro
777777,Samsung Galaxy J2 Prime
888888,Samsung Galaxy Xcover 4
345678,Rockz Refresh CW 125 CC
643233,Neo CW 110 CC
111111,Apache RTR 200 CC
222222,Apache RTR 160 CC
333333,Rockz Refresh CW 125 CC
444444,Neo CW 110 CC
555555,Samsung Galaxy A7
666666,Samsung Galaxy J5 Pro
777777,Samsung Galaxy J2 Prime
888888,Samsung Galaxy Xcover 4
345678,Rockz Refresh CW 125 CC
643233,Neo CW 110 CC
111111,Apache RTR 200 CC
222222,Apache RTR 160 CC
333333,Rockz Refresh CW 125 CC
444444,Neo CW 110 CC
555555,Samsung Galaxy A7
666666,Samsung Galaxy J5 Pro
777777,Samsung Galaxy J2 Prime
888888,Samsung Galaxy Xcover 4
345678,Rockz Refresh CW 125 CC
643233,Neo CW 110 CC
111111,Apache RTR 200 CC
222222,Apache RTR 160 CC
333333,Rockz Refresh CW 125 CC
444444,Neo CW 110 CC
555555,Samsung Galaxy A7
666666,Samsung Galaxy J5 Pro
777777,Samsung Galaxy J2 Prime
888888,Samsung Galaxy Xcover 4
345678,Rockz Refresh CW 125 CC
643233,Neo CW 110 CC
111111,Apache RTR 200 CC
222222,Apache RTR 160 CC
333333,Rockz Refresh CW 125 CC
444444,Neo CW 110 CC
555555,Samsung Galaxy A7
666666,Samsung Galaxy J5 Pro
777777,Samsung Galaxy J2 Prime
888888,Samsung Galaxy Xcover 4
345678,Rockz Refresh CW 125 CC
643233,Neo CW 110 CC
111111,Apache RTR 200 CC
222222,Apache RTR 160 CC
333333,Rockz Refresh CW 125 CC
444444,Neo CW 110 CC
555555,Samsung Galaxy A7
666666,Samsung Galaxy J5 Pro
777777,Samsung Galaxy J2 Prime
888888,Samsung Galaxy Xcover 4
345678,Rockz Refresh CW 125 CC
643233,Neo CW 110 CC
111111,Apache RTR 200 CC
222222,Apache RTR 160 CC
333333,Rockz Refresh CW 125 CC
444444,Neo CW 110 CC
555555,Samsung Galaxy A7
666666,Samsung Galaxy J5 Pro
777777,Samsung Galaxy J2 Prime
888888,Samsung Galaxy Xcover 4
345678,Rockz Refresh CW 125 CC
643233,Neo CW 110 CC
111111,Apache RTR 200 CC
222222,Apache RTR 160 CC
333333,Rockz Refresh CW 125 CC
444444,Neo CW 110 CC
555555,Samsung Galaxy A7
666666,Samsung Galaxy J5 Pro
777777,Samsung Galaxy J2 Prime
888888,Samsung Galaxy Xcover 4
345678,Rockz Refresh CW 125 CC
643233,Neo CW 110 CC
111111,Apache RTR 200 CC
222222,Apache RTR 160 CC
333333,Rockz Refresh CW 125 CC
444444,Neo CW 110 CC
555555,Samsung Galaxy A7
666666,Samsung Galaxy J5 Pro
777777,Samsung Galaxy J2 Prime
888888,Samsung Galaxy Xcover 4
345678,Rockz Refresh CW 125 CC
643233,Neo CW 110 CC
111111,Apache RTR 200 CC
222222,Apache RTR 160 CC
333333,Rockz Refresh CW 125 CC
444444,Neo CW 110 CC
555555,Samsung Galaxy A7
666666,Samsung Galaxy J5 Pro
777777,Samsung Galaxy J2 Prime
888888,Samsung Galaxy Xcover 4
345678,Rockz Refresh CW 125 CC
643233,Neo CW 110 CC
111111,Apache RTR 200 CC
222222,Apache RTR 160 CC
333333,Rockz Refresh CW 125 CC
444444,Neo CW 110 CC
555555,Samsung Galaxy A7
